batch_size,lr,leak_mem,num_steps,num_epochs,training_loss,testing_accuracy
32,0.2,0.99,5,5,0.09312541442465347,94.62890625
32,0.2,0.99,5,10,0.03410299832024612,96.58203125
32,0.2,0.99,5,25,0.016601288369546333,96.6796875
32,0.2,0.99,5,50,0.006541201499911646,96.97265625
32,0.2,0.985,5,5,0.08440142144239507,94.921875
32,0.2,0.985,5,10,0.02369027944436918,96.875
32,0.2,0.985,5,25,0.01720049798923234,96.6796875
32,0.2,0.985,5,50,0.0076792464141423504,97.8515625
32,0.2,0.98,5,5,0.08457772839333241,95.1171875
32,0.2,0.98,5,10,0.025073279046065485,96.97265625
32,0.2,0.98,5,25,0.014100777409349879,97.265625
32,0.2,0.98,5,50,0.006396940058097243,96.875
32,0.2,0.975,5,5,0.0766789052959648,95.01953125
32,0.2,0.975,5,10,0.02939506920124404,95.8984375
32,0.2,0.975,5,25,0.016530677536502482,96.97265625
32,0.2,0.975,5,50,0.008986744879744947,97.36328125
32,0.2,0.99,10,5,0.09881330300021607,94.43359375
32,0.2,0.99,10,10,0.014123070180028056,96.875
32,0.2,0.99,10,25,0.0145502490180855,96.77734375
32,0.2,0.99,10,50,0.004655609194344531,98.14453125
32,0.2,0.985,10,5,0.08447346625577969,95.21484375
32,0.2,0.985,10,10,0.025926915200582396,96.6796875
32,0.2,0.985,10,25,0.011572994471217195,97.65625
32,0.2,0.985,10,50,0.004413281583227217,97.8515625
32,0.2,0.98,10,5,0.0688750331439854,95.1171875
32,0.2,0.98,10,10,0.01678998043143656,96.77734375
32,0.2,0.98,10,25,0.010861803605221211,96.58203125
32,0.2,0.98,10,50,0.0042270657246311506,97.55859375
32,0.2,0.975,10,5,0.08955395707911036,95.21484375
32,0.2,0.975,10,10,0.012688395326491445,95.99609375
32,0.2,0.975,10,25,0.009955346132939061,96.97265625
32,0.2,0.975,10,50,0.003974547159858048,97.36328125
32,0.2,0.99,20,5,0.08508684289990924,95.21484375
32,0.2,0.99,20,10,0.012823659026221625,97.55859375
32,0.2,0.99,20,25,0.006556539416934053,96.77734375
32,0.2,0.99,20,50,0.0031386254696796336,97.55859375
32,0.2,0.985,20,5,0.08414752165868412,96.484375
32,0.2,0.985,20,10,0.01341008844835839,95.8984375
32,0.2,0.985,20,25,0.006585748619710406,97.4609375
32,0.2,0.985,20,50,0.003268866649673631,98.046875
32,0.2,0.98,20,5,0.08070432506327052,95.60546875
32,0.2,0.98,20,10,0.011238908832902477,96.97265625
32,0.2,0.98,20,25,0.008633021145903816,96.97265625
32,0.2,0.98,20,50,0.003440450356497119,98.33984375
32,0.2,0.975,20,5,0.08506698918497811,95.80078125
32,0.2,0.975,20,10,0.03381971084877538,97.36328125
32,0.2,0.975,20,25,0.006365138227430483,97.4609375
32,0.2,0.975,20,50,0.0029452064690801004,97.94921875
32,0.2,0.99,40,5,0.13327516723804486,95.703125
32,0.2,0.99,40,10,0.025568892606825103,96.38671875
32,0.2,0.99,40,25,0.007171799098141491,97.0703125
32,0.2,0.99,40,50,0.002906314433241884,98.046875
32,0.2,0.985,40,5,0.10356344859026527,96.19140625
32,0.2,0.985,40,10,0.012812132300129937,97.265625
32,0.2,0.985,40,25,0.0057631509692097705,97.4609375
32,0.2,0.985,40,50,0.0034088529290941852,97.75390625
32,0.2,0.98,40,5,0.0863170438487238,96.77734375
32,0.2,0.98,40,10,0.01850581759835283,96.6796875
32,0.2,0.98,40,25,0.013199888715675722,96.2890625
32,0.2,0.98,40,50,0.0032397646171351273,97.65625
32,0.2,0.975,40,5,0.10278675206870927,94.62890625
32,0.2,0.975,40,10,0.018156286084966267,95.99609375
32,0.2,0.975,40,25,0.009312813371419907,97.36328125
32,0.2,0.975,40,50,0.0028754017151271303,97.16796875
32,0.1,0.99,5,5,0.06073725388944149,95.3125
32,0.1,0.99,5,10,0.026829957798744242,96.6796875
32,0.1,0.99,5,25,0.008126516302737096,96.58203125
32,0.1,0.99,5,50,0.004390404096494119,97.265625
32,0.1,0.985,5,5,0.06818760184198618,96.09375
32,0.1,0.985,5,10,0.02477663536525021,95.99609375
32,0.1,0.985,5,25,0.010309251037271072,97.0703125
32,0.1,0.985,5,50,0.004111327737104147,97.65625
32,0.1,0.98,5,5,0.0637238626976808,95.01953125
32,0.1,0.98,5,10,0.02244240937490637,95.99609375
32,0.1,0.98,5,25,0.00890632324355344,97.36328125
32,0.1,0.98,5,50,0.004686227707502742,96.97265625
32,0.1,0.975,5,5,0.04841662809314827,95.01953125
32,0.1,0.975,5,10,0.025603818299093594,96.38671875
32,0.1,0.975,5,25,0.005947826464350025,97.36328125
32,0.1,0.975,5,50,0.004351672693621367,96.6796875
32,0.1,0.99,10,5,0.03349881685556223,96.19140625
32,0.1,0.99,10,10,0.014873264731063197,96.97265625
32,0.1,0.99,10,25,0.0046969036407923945,97.36328125
32,0.1,0.99,10,50,0.00265302823871995,97.4609375
32,0.1,0.985,10,5,0.05646720126395424,95.99609375
32,0.1,0.985,10,10,0.017136088750635586,96.484375
32,0.1,0.985,10,25,0.006445043926748137,96.6796875
32,0.1,0.985,10,50,0.002512353806057945,97.94921875
32,0.1,0.98,10,5,0.04451895213437577,95.99609375
32,0.1,0.98,10,10,0.01473213151912205,96.2890625
32,0.1,0.98,10,25,0.0037805963884262987,96.6796875
32,0.1,0.98,10,50,0.002612993106013164,96.875
32,0.1,0.975,10,5,0.043355831034015864,95.703125
32,0.1,0.975,10,10,0.014945050737975786,96.97265625
32,0.1,0.975,10,25,0.004815711558330804,97.16796875
32,0.1,0.975,10,50,0.002216544537106529,97.4609375
32,0.1,0.99,20,5,0.04963373530578489,96.6796875
32,0.1,0.99,20,10,0.008656991125550122,97.0703125
32,0.1,0.99,20,25,0.005006619922816753,97.36328125
32,0.1,0.99,20,50,0.001992255718757709,97.55859375
32,0.1,0.985,20,5,0.03386417961772531,96.2890625
32,0.1,0.985,20,10,0.010594753355719149,96.97265625
32,0.1,0.985,20,25,0.0036109940682460245,97.4609375
32,0.1,0.985,20,50,0.002216329963024085,97.65625
32,0.1,0.98,20,5,0.03223579034364472,96.2890625
32,0.1,0.98,20,10,0.00846296105060416,97.36328125
32,0.1,0.98,20,25,0.005700102178535114,97.4609375
32,0.1,0.98,20,50,0.0020206583878801514,97.55859375
32,0.1,0.975,20,5,0.03118716990148338,96.97265625
32,0.1,0.975,20,10,0.00889072663942352,96.77734375
32,0.1,0.975,20,25,0.0035539875860946873,97.0703125
32,0.1,0.975,20,50,0.0018895492583978922,97.16796875
32,0.1,0.99,40,5,0.04404721803714832,96.38671875
32,0.1,0.99,40,10,0.009469049456412904,96.6796875
32,0.1,0.99,40,25,0.0032692172626654307,97.65625
32,0.1,0.99,40,50,0.0021087044354062526,97.94921875
32,0.1,0.985,40,5,0.037199351705921195,96.484375
32,0.1,0.985,40,10,0.010376889681133131,96.77734375
32,0.1,0.985,40,25,0.005067199162517985,97.55859375
32,0.1,0.985,40,50,0.0018613204635524502,97.65625
32,0.1,0.98,40,5,0.040062873038152855,96.58203125
32,0.1,0.98,40,10,0.008790094607664892,96.38671875
32,0.1,0.98,40,25,0.003226077537362774,97.0703125
32,0.1,0.98,40,50,0.0022121200175800673,97.265625
32,0.1,0.975,40,5,0.03169101866311394,96.6796875
32,0.1,0.975,40,10,0.007765941637180125,97.265625
32,0.1,0.975,40,25,0.004248178305414816,97.16796875
32,0.1,0.975,40,50,0.0019414364960199844,97.265625
32,0.05,0.99,5,5,0.05406668042391539,96.09375
32,0.05,0.99,5,10,0.019870865949740014,95.703125
32,0.05,0.99,5,25,0.008372301055584104,95.80078125
32,0.05,0.99,5,50,0.005100756614779433,96.77734375
32,0.05,0.985,5,5,0.058045662653942905,94.7265625
32,0.05,0.985,5,10,0.02318899461875359,95.703125
32,0.05,0.985,5,25,0.010302894008345902,96.77734375
32,0.05,0.985,5,50,0.004609532208337138,96.875
32,0.05,0.98,5,5,0.05421645561108986,96.2890625
32,0.05,0.98,5,10,0.02760674440364043,96.09375
32,0.05,0.98,5,25,0.010198381884333987,97.265625
32,0.05,0.98,5,50,0.004503705584444105,96.09375
32,0.05,0.975,5,5,0.061760681059211495,95.3125
32,0.05,0.975,5,10,0.019601280099712313,96.2890625
32,0.05,0.975,5,25,0.007881465206854045,96.09375
32,0.05,0.975,5,50,0.005176905701402575,96.875
32,0.05,0.99,10,5,0.03337252294458449,96.19140625
32,0.05,0.99,10,10,0.009280886937553684,96.58203125
32,0.05,0.99,10,25,0.003591673812828958,96.97265625
32,0.05,0.99,10,50,0.002146713851951063,97.0703125
32,0.05,0.985,10,5,0.028940215769844752,97.0703125
32,0.05,0.985,10,10,0.009890781413453321,96.58203125
32,0.05,0.985,10,25,0.0033449320293342075,96.875
32,0.05,0.985,10,50,0.001996461764210835,97.16796875
32,0.05,0.98,10,5,0.030461624877527356,96.97265625
32,0.05,0.98,10,10,0.010682616693278154,97.16796875
32,0.05,0.98,10,25,0.0033961492161033676,97.65625
32,0.05,0.98,10,50,0.0022647171751596033,97.8515625
32,0.05,0.975,10,5,0.03310790389341613,95.8984375
32,0.05,0.975,10,10,0.012148402134887874,97.16796875
32,0.05,0.975,10,25,0.003827380498715987,96.875
32,0.05,0.975,10,50,0.00254615373032478,97.4609375
32,0.05,0.99,20,5,0.03397835944220424,96.58203125
32,0.05,0.99,20,10,0.009427026551216841,96.97265625
32,0.05,0.99,20,25,0.002096602731306727,96.875
32,0.05,0.99,20,50,0.0013429741893196479,97.16796875
32,0.05,0.985,20,5,0.03295008649180333,95.3125
32,0.05,0.985,20,10,0.010270462857248882,97.36328125
32,0.05,0.985,20,25,0.001868567765884412,97.16796875
32,0.05,0.985,20,50,0.0015377848614783337,97.8515625
32,0.05,0.98,20,5,0.030448742826779684,95.99609375
32,0.05,0.98,20,10,0.01025755615128825,96.2890625
32,0.05,0.98,20,25,0.0025992403322986015,96.97265625
32,0.05,0.98,20,50,0.0016027029377097884,97.55859375
32,0.05,0.975,20,5,0.0265356764793396,96.19140625
32,0.05,0.975,20,10,0.007742652934820702,96.484375
32,0.05,0.975,20,25,0.0038825494915557405,97.0703125
32,0.05,0.975,20,50,0.0015000018721135955,97.16796875
32,0.05,0.99,40,5,0.029915945770218968,96.6796875
32,0.05,0.99,40,10,0.004923814241929601,96.77734375
32,0.05,0.99,40,25,0.0026102246802765876,96.77734375
32,0.05,0.99,40,50,0.0012547255102545022,97.0703125
32,0.05,0.985,40,5,0.031171503029142816,96.484375
32,0.05,0.985,40,10,0.006131452789219717,96.58203125
32,0.05,0.985,40,25,0.005347834136569873,98.046875
32,0.05,0.985,40,50,0.0015662299652273457,98.33984375
32,0.05,0.98,40,5,0.026059412958721318,96.6796875
32,0.05,0.98,40,10,0.007694658304409434,97.265625
32,0.05,0.98,40,25,0.0027216452817665415,97.0703125
32,0.05,0.98,40,50,0.0015914789367622386,97.4609375
32,0.05,0.975,40,5,0.026237275974825024,96.19140625
32,0.05,0.975,40,10,0.00860511921873937,96.6796875
32,0.05,0.975,40,25,0.003038957899591575,96.77734375
32,0.05,0.975,40,50,0.001412867747945711,97.65625
32,0.01,0.99,5,5,0.09052634363869826,93.9453125
32,0.01,0.99,5,10,0.048057741671800616,95.1171875
32,0.01,0.99,5,25,0.017411683862408003,96.2890625
32,0.01,0.99,5,50,0.01270575872901827,95.80078125
32,0.01,0.985,5,5,0.09784639717638492,94.7265625
32,0.01,0.985,5,10,0.04852483147010207,95.41015625
32,0.01,0.985,5,25,0.01985800761481126,95.5078125
32,0.01,0.985,5,50,0.012291407190884153,95.60546875
32,0.01,0.98,5,5,0.09126632595062256,95.21484375
32,0.01,0.98,5,10,0.04863955206175645,95.3125
32,0.01,0.98,5,25,0.016279605540136497,95.80078125
32,0.01,0.98,5,50,0.011606173822656274,95.60546875
32,0.01,0.975,5,5,0.09995828086634477,94.7265625
32,0.01,0.975,5,10,0.04729162301619848,94.82421875
32,0.01,0.975,5,25,0.016961577154695987,96.2890625
32,0.01,0.975,5,50,0.011202214067801834,96.2890625
32,0.01,0.99,10,5,0.04700131367892027,95.21484375
32,0.01,0.99,10,10,0.023510501890132825,95.8984375
32,0.01,0.99,10,25,0.0072842613346874715,96.6796875
32,0.01,0.99,10,50,0.0052954967174058155,96.58203125
32,0.01,0.985,10,5,0.046156734538575016,95.1171875
32,0.01,0.985,10,10,0.019273592006415128,96.19140625
32,0.01,0.985,10,25,0.00640536936186254,96.58203125
32,0.01,0.985,10,50,0.005032892452552915,96.97265625
32,0.01,0.98,10,5,0.04894099035362402,95.60546875
32,0.01,0.98,10,10,0.019347931957493226,96.38671875
32,0.01,0.98,10,25,0.007013026416922609,96.6796875
32,0.01,0.98,10,50,0.005459811891739567,96.58203125
32,0.01,0.975,10,5,0.053691113534073034,95.703125
32,0.01,0.975,10,10,0.02270249172113836,96.484375
32,0.01,0.975,10,25,0.008750085102704664,96.58203125
32,0.01,0.975,10,50,0.005410670262140533,96.58203125
32,0.01,0.99,20,5,0.028546905755996704,97.265625
32,0.01,0.99,20,10,0.009465861848245065,96.77734375
32,0.01,0.99,20,25,0.0028374425160388153,97.0703125
32,0.01,0.99,20,50,0.002846627155163636,96.97265625
32,0.01,0.985,20,5,0.022605051424354313,96.58203125
32,0.01,0.985,20,10,0.009027630690485238,96.875
32,0.01,0.985,20,25,0.0032088544596917926,97.4609375
32,0.01,0.985,20,50,0.0024878623521265883,96.875
32,0.01,0.98,20,5,0.02846860266973575,96.484375
32,0.01,0.98,20,10,0.01184686819339792,96.875
32,0.01,0.98,20,25,0.003373473190857718,97.0703125
32,0.01,0.98,20,50,0.0025403710776008667,97.36328125
32,0.01,0.975,20,5,0.03346712302044034,96.38671875
32,0.01,0.975,20,10,0.010562327678625782,97.0703125
32,0.01,0.975,20,25,0.004826543605575959,96.97265625
32,0.01,0.975,20,50,0.0026438382735165457,96.875
32,0.01,0.99,40,5,0.02056304251899322,96.19140625
32,0.01,0.99,40,10,0.007618112382789453,96.875
32,0.01,0.99,40,25,0.0021381122808282575,96.77734375
32,0.01,0.99,40,50,0.0018233625361851107,97.16796875
32,0.01,0.985,40,5,0.020195647389938433,96.38671875
32,0.01,0.985,40,10,0.005885692052232722,97.0703125
32,0.01,0.985,40,25,0.001994186359147231,97.36328125
32,0.01,0.985,40,50,0.0018743852137898405,97.0703125
32,0.01,0.98,40,5,0.019647846849014362,96.2890625
32,0.01,0.98,40,10,0.007563392880062262,96.875
32,0.01,0.98,40,25,0.0021624304313833517,97.4609375
32,0.01,0.98,40,50,0.0016485853612733384,97.265625
32,0.01,0.975,40,5,0.021868843662862975,96.38671875
32,0.01,0.975,40,10,0.006806904135271906,97.16796875
32,0.01,0.975,40,25,0.002032609774265438,97.0703125
32,0.01,0.975,40,50,0.001664802319991092,97.16796875
64,0.2,0.99,5,5,0.05767428301523129,94.55078125
64,0.2,0.99,5,10,0.009971472706645727,95.9375
64,0.2,0.99,5,25,0.007434197578579187,96.81640625
64,0.2,0.99,5,50,0.003289468248995642,97.3046875
64,0.2,0.985,5,5,0.04579510682572921,94.609375
64,0.2,0.985,5,10,0.021904821575929722,96.015625
64,0.2,0.985,5,25,0.006420326830198367,97.44140625
64,0.2,0.985,5,50,0.004237874863358836,97.20703125
64,0.2,0.98,5,5,0.04593267824500799,95.83984375
64,0.2,0.98,5,10,0.012620127781294286,96.62109375
64,0.2,0.98,5,25,0.006130493322387338,96.03515625
64,0.2,0.98,5,50,0.0033454038916776578,96.81640625
64,0.2,0.975,5,5,0.04616110331937671,95.68359375
64,0.2,0.975,5,10,0.01619769543285171,96.03515625
64,0.2,0.975,5,25,0.007266340456282099,96.30859375
64,0.2,0.975,5,50,0.0034756726048265894,97.20703125
64,0.2,0.99,10,5,0.034631901282817124,96.38671875
64,0.2,0.99,10,10,0.006250994184364875,96.71875
64,0.2,0.99,10,25,0.003499351805076003,96.23046875
64,0.2,0.99,10,50,0.0017227331763133406,97.01171875
64,0.2,0.985,10,5,0.03466598655283451,95.546875
64,0.2,0.985,10,10,0.007555184639990329,97.20703125
64,0.2,0.985,10,25,0.00388410416059196,97.109375
64,0.2,0.985,10,50,0.0023140963821982343,97.109375
64,0.2,0.98,10,5,0.023190569495161375,95.64453125
64,0.2,0.98,10,10,0.006221485981096824,96.07421875
64,0.2,0.98,10,25,0.004361670380768677,97.3046875
64,0.2,0.98,10,50,0.002065017770975828,97.109375
64,0.2,0.975,10,5,0.027381756929059822,95.9765625
64,0.2,0.975,10,10,0.004866444030155738,97.109375
64,0.2,0.975,10,25,0.004680338207011422,97.40234375
64,0.2,0.975,10,50,0.0021936778659000992,97.3046875
64,0.2,0.99,20,5,0.022979624301195146,96.71875
64,0.2,0.99,20,10,0.010189517566313346,96.71875
64,0.2,0.99,20,25,0.002191249889632066,97.20703125
64,0.2,0.99,20,50,0.0017295706383883953,96.81640625
64,0.2,0.985,20,5,0.02940714495132367,96.66015625
64,0.2,0.985,20,10,0.005920169265630344,97.59765625
64,0.2,0.985,20,25,0.00394124613609165,97.20703125
64,0.2,0.985,20,50,0.0018826123552086454,97.40234375
64,0.2,0.98,20,5,0.021717243764549494,96.23046875
64,0.2,0.98,20,10,0.0074589879506578045,96.81640625
64,0.2,0.98,20,25,0.0034354308905700844,96.9140625
64,0.2,0.98,20,50,0.001833639569890996,96.9140625
64,0.2,0.975,20,5,0.02365303973046442,95.234375
64,0.2,0.975,20,10,0.005071648893567423,96.9140625
64,0.2,0.975,20,25,0.0023015565996368724,96.71875
64,0.2,0.975,20,50,0.0015325330202467739,97.3046875
64,0.2,0.99,40,5,0.020838977005332708,96.42578125
64,0.2,0.99,40,10,0.004402810898143798,96.81640625
64,0.2,0.99,40,25,0.003709263107118507,96.81640625
64,0.2,0.99,40,50,0.0017839363192518553,96.71875
64,0.2,0.985,40,5,0.022328960184007884,96.09375
64,0.2,0.985,40,10,0.00497702244669199,96.328125
64,0.2,0.985,40,25,0.007219128578901291,96.328125
64,0.2,0.985,40,50,0.0019293611942169566,96.71875
64,0.2,0.98,40,5,0.025914643755803504,95.546875
64,0.2,0.98,40,10,0.004318572586402297,96.62109375
64,0.2,0.98,40,25,0.005042127646505833,96.71875
64,0.2,0.98,40,50,0.0018698631813749672,97.109375
64,0.2,0.975,40,5,0.04122717376798391,96.26953125
64,0.2,0.975,40,10,0.003956225735445817,96.62109375
64,0.2,0.975,40,25,0.0032539255280668537,96.5234375
64,0.2,0.975,40,50,0.0020389946658785144,97.59765625
64,0.1,0.99,5,5,0.05087072402238846,95.44921875
64,0.1,0.99,5,10,0.012681879067172606,95.8203125
64,0.1,0.99,5,25,0.006707574339583516,96.62109375
64,0.1,0.99,5,50,0.0035107052711149055,97.3046875
64,0.1,0.985,5,5,0.04440219330539306,95.44921875
64,0.1,0.985,5,10,0.014711952057977517,96.7578125
64,0.1,0.985,5,25,0.005204719490682085,96.81640625
64,0.1,0.985,5,50,0.002905074407346547,96.5234375
64,0.1,0.98,5,5,0.03961537398397923,95.5859375
64,0.1,0.98,5,10,0.01696790381769339,95.0
64,0.1,0.98,5,25,0.006772973762825131,96.7578125
64,0.1,0.98,5,50,0.0032191531776140135,96.71875
64,0.1,0.975,5,5,0.03911117025713126,95.25390625
64,0.1,0.975,5,10,0.014022393714636565,96.34765625
64,0.1,0.975,5,25,0.00460369727977862,96.7578125
64,0.1,0.975,5,50,0.0034505347749218345,96.7578125
64,0.1,0.99,10,5,0.01993474258730809,96.5234375
64,0.1,0.99,10,10,0.005817059317914148,96.5234375
64,0.1,0.99,10,25,0.0024579426705216368,96.9140625
64,0.1,0.99,10,50,0.0016301530331838876,97.109375
64,0.1,0.985,10,5,0.025414085008203982,95.9765625
64,0.1,0.985,10,10,0.008244773046423992,97.40234375
64,0.1,0.985,10,25,0.0028738569744552176,97.3046875
64,0.1,0.985,10,50,0.0019735108728831012,96.9140625
64,0.1,0.98,10,5,0.02020110435038805,96.62109375
64,0.1,0.98,10,10,0.007165305954714616,96.23046875
64,0.1,0.98,10,25,0.0029249849673360587,96.81640625
64,0.1,0.98,10,50,0.0016384612570206323,97.3046875
64,0.1,0.975,10,5,0.023276356406509876,95.234375
64,0.1,0.975,10,10,0.010888694960623979,96.23046875
64,0.1,0.975,10,25,0.002300504443235695,97.3046875
64,0.1,0.975,10,50,0.0018414981833969554,97.01171875
64,0.1,0.99,20,5,0.026026079975068568,96.328125
64,0.1,0.99,20,10,0.006573227137948076,96.81640625
64,0.1,0.99,20,25,0.001563314599916339,97.40234375
64,0.1,0.99,20,50,0.0013393713024755318,96.62109375
64,0.1,0.985,20,5,0.021598030286530654,96.1328125
64,0.1,0.985,20,10,0.0051842931043356655,96.5234375
64,0.1,0.985,20,25,0.0018638089615851641,97.01171875
64,0.1,0.985,20,50,0.001340691695921123,96.81640625
64,0.1,0.98,20,5,0.01626130174100399,96.71875
64,0.1,0.98,20,10,0.003452110712726911,97.01171875
64,0.1,0.98,20,25,0.0013167028967291116,97.109375
64,0.1,0.98,20,50,0.0012091682242850463,97.109375
64,0.1,0.975,20,5,0.018579434706519047,96.62109375
64,0.1,0.975,20,10,0.0053138110612829526,96.42578125
64,0.1,0.975,20,25,0.0017617169584458073,96.62109375
64,0.1,0.975,20,50,0.0013205058674017587,96.81640625
64,0.1,0.99,40,5,0.014397323681041598,96.23046875
64,0.1,0.99,40,10,0.005239857788508137,97.01171875
64,0.1,0.99,40,25,0.0014375047286351523,97.109375
64,0.1,0.99,40,50,0.0010168748845656712,97.109375
64,0.1,0.985,40,5,0.017976664651185276,96.5234375
64,0.1,0.985,40,10,0.005213999891032775,97.20703125
64,0.1,0.985,40,25,0.0013950308893496792,96.9140625
64,0.1,0.985,40,50,0.0011783377888302008,96.9140625
64,0.1,0.98,40,5,0.013771989571551482,97.20703125
64,0.1,0.98,40,10,0.003957582314809163,97.109375
64,0.1,0.98,40,25,0.0014842105691786857,97.20703125
64,0.1,0.98,40,50,0.0011214378380682319,97.5
64,0.1,0.975,40,5,0.019538539356241624,96.03515625
64,0.1,0.975,40,10,0.004971976370240251,96.81640625
64,0.1,0.975,40,25,0.0014888483394558231,97.3046875
64,0.1,0.975,40,50,0.0011968975444324314,97.3046875
64,0.05,0.99,5,5,0.05772135103742282,94.00390625
64,0.05,0.99,5,10,0.022474757288893064,96.3671875
64,0.05,0.99,5,25,0.007357336387038231,96.42578125
64,0.05,0.99,5,50,0.005324605198266606,96.5234375
64,0.05,0.985,5,5,0.05665086330970128,95.48828125
64,0.05,0.985,5,10,0.021773024141788482,96.03515625
64,0.05,0.985,5,25,0.007953078287343185,96.42578125
64,0.05,0.985,5,50,0.004876155930260817,96.42578125
64,0.05,0.98,5,5,0.059746478845675785,95.546875
64,0.05,0.98,5,10,0.0242844739134113,96.23046875
64,0.05,0.98,5,25,0.007401245296001434,95.9375
64,0.05,0.98,5,50,0.0053478485066443685,96.46484375
64,0.05,0.975,5,5,0.053458790202935536,95.83984375
64,0.05,0.975,5,10,0.01936455775797367,95.9375
64,0.05,0.975,5,25,0.008003032892942429,96.71875
64,0.05,0.975,5,50,0.0046235160852471984,97.5
64,0.05,0.99,10,5,0.027474928967654706,96.03515625
64,0.05,0.99,10,10,0.007727105785161257,96.328125
64,0.05,0.99,10,25,0.0032572182280321917,97.109375
64,0.05,0.99,10,50,0.0022639158638194205,96.62109375
64,0.05,0.985,10,5,0.029393603275219598,95.09765625
64,0.05,0.985,10,10,0.009287079147994518,97.01171875
64,0.05,0.985,10,25,0.0025444071913758915,97.01171875
64,0.05,0.985,10,50,0.002147266764814655,96.81640625
64,0.05,0.98,10,5,0.025262210230032604,96.71875
64,0.05,0.98,10,10,0.007799874785045783,96.62109375
64,0.05,0.98,10,25,0.003004097101899485,97.01171875
64,0.05,0.98,10,50,0.002109277573724588,96.81640625
64,0.05,0.975,10,5,0.031075419877966245,95.9765625
64,0.05,0.975,10,10,0.010384867060929536,96.1328125
64,0.05,0.975,10,25,0.003541862139478326,96.81640625
64,0.05,0.975,10,50,0.002348864441116651,96.71875
64,0.05,0.99,20,5,0.01638272183636824,96.328125
64,0.05,0.99,20,10,0.004912604822466771,96.62109375
64,0.05,0.99,20,25,0.001479564054713895,97.3046875
64,0.05,0.99,20,50,0.0013938922543699542,97.109375
64,0.05,0.985,20,5,0.018754012166212003,95.78125
64,0.05,0.985,20,10,0.004473005260340869,96.81640625
64,0.05,0.985,20,25,0.0017358490293845534,96.9140625
64,0.05,0.985,20,50,0.0013411571905016899,96.71875
64,0.05,0.98,20,5,0.01729108203202486,96.23046875
64,0.05,0.98,20,10,0.004822410753617684,96.71875
64,0.05,0.98,20,25,0.0014445424412066737,97.20703125
64,0.05,0.98,20,50,0.001262796255449454,97.01171875
64,0.05,0.975,20,5,0.014826063183446725,97.5
64,0.05,0.975,20,10,0.004987111194680135,96.81640625
64,0.05,0.975,20,25,0.0013387616341933607,96.81640625
64,0.05,0.975,20,50,0.0014275383210430542,97.20703125
64,0.05,0.99,40,5,0.01484348252415657,97.01171875
64,0.05,0.99,40,10,0.004238079326848189,96.71875
64,0.05,0.99,40,25,0.0013862050430228313,97.3046875
64,0.05,0.99,40,50,0.0010928338281810284,97.20703125
64,0.05,0.985,40,5,0.015593086351950964,96.9140625
64,0.05,0.985,40,10,0.003412150883426269,97.40234375
64,0.05,0.985,40,25,0.0012411000585804382,97.59765625
64,0.05,0.985,40,50,0.0009526415808747212,97.5
64,0.05,0.98,40,5,0.017135020652165017,96.46484375
64,0.05,0.98,40,10,0.003536466100253165,97.40234375
64,0.05,0.98,40,25,0.0014948359398792186,97.40234375
64,0.05,0.98,40,50,0.0012121248645707964,97.109375
64,0.05,0.975,40,5,0.017073398356636366,96.71875
64,0.05,0.975,40,10,0.0046354947121193014,96.81640625
64,0.05,0.975,40,25,0.0013121691678340236,97.01171875
64,0.05,0.975,40,50,0.0012025908968256165,97.40234375
64,0.01,0.99,5,5,0.11662196238835652,92.67578125
64,0.01,0.99,5,10,0.06662697738409043,94.8046875
64,0.01,0.99,5,25,0.023722488701343535,95.9375
64,0.01,0.99,5,50,0.020527949924270313,96.46484375
64,0.01,0.985,5,5,0.11955336066087087,93.76953125
64,0.01,0.985,5,10,0.06686732097466787,94.6484375
64,0.01,0.985,5,25,0.025274783502022426,95.44921875
64,0.01,0.985,5,50,0.02011537380516529,96.23046875
64,0.01,0.98,5,5,0.12613441904385886,94.27734375
64,0.01,0.98,5,10,0.06741972092787425,95.390625
64,0.01,0.98,5,25,0.026401221012075742,95.87890625
64,0.01,0.98,5,50,0.020687344280382,96.23046875
64,0.01,0.975,5,5,0.11077243612209955,93.4375
64,0.01,0.975,5,10,0.06402987428506215,94.51171875
64,0.01,0.975,5,25,0.023950652981797854,95.390625
64,0.01,0.975,5,50,0.01927530671407779,95.83984375
64,0.01,0.99,10,5,0.06663328020771345,93.92578125
64,0.01,0.99,10,10,0.029642332057158154,96.328125
64,0.01,0.99,10,25,0.009977444746841988,95.83984375
64,0.01,0.99,10,50,0.007657152677575747,96.42578125
64,0.01,0.985,10,5,0.06756286268432934,95.0
64,0.01,0.985,10,10,0.028868841871619224,95.64453125
64,0.01,0.985,10,25,0.010072577291478714,96.71875
64,0.01,0.985,10,50,0.008900752803931634,96.03515625
64,0.01,0.98,10,5,0.06595314465959867,94.0625
64,0.01,0.98,10,10,0.031192547395825387,94.609375
64,0.01,0.98,10,25,0.011385383158922196,96.42578125
64,0.01,0.98,10,50,0.00853820601850748,96.328125
64,0.01,0.975,10,5,0.0660879724820455,94.9609375
64,0.01,0.975,10,10,0.029313733850916228,95.546875
64,0.01,0.975,10,25,0.010314937706415853,95.9375
64,0.01,0.975,10,50,0.008084477712710699,95.78125
64,0.01,0.99,20,5,0.03125043033063412,96.23046875
64,0.01,0.99,20,10,0.01306231585641702,96.03515625
64,0.01,0.99,20,25,0.00504714630668362,96.81640625
64,0.01,0.99,20,50,0.003803058595707019,97.01171875
64,0.01,0.985,20,5,0.030040664752324423,95.9375
64,0.01,0.985,20,10,0.012654516965150834,95.9375
64,0.01,0.985,20,25,0.004227418415248394,96.5234375
64,0.01,0.985,20,50,0.003588979079077641,96.328125
64,0.01,0.98,20,5,0.03542169744769732,95.64453125
64,0.01,0.98,20,10,0.013625971611589193,95.5859375
64,0.01,0.98,20,25,0.005061307980989417,96.71875
64,0.01,0.98,20,50,0.003709142193198204,96.1328125
64,0.01,0.975,20,5,0.03338978610436122,95.78125
64,0.01,0.975,20,10,0.013907852113246917,96.328125
64,0.01,0.975,20,25,0.00494451396043102,97.3046875
64,0.01,0.975,20,50,0.0038219454822440943,97.20703125
64,0.01,0.99,40,5,0.018988395576675733,96.42578125
64,0.01,0.99,40,10,0.006535597135623296,97.109375
64,0.01,0.99,40,25,0.002556961022783071,97.20703125
64,0.01,0.99,40,50,0.0021411659515773256,97.01171875
64,0.01,0.985,40,5,0.020606908274193605,96.71875
64,0.01,0.985,40,10,0.008311193145811557,97.01171875
64,0.01,0.985,40,25,0.0026081114678333205,97.20703125
64,0.01,0.985,40,50,0.002211141294799745,97.109375
64,0.01,0.98,40,5,0.019744542822241782,96.62109375
64,0.01,0.98,40,10,0.007410172375539939,96.9140625
64,0.01,0.98,40,25,0.0026341420548657577,97.109375
64,0.01,0.98,40,50,0.002284484070415298,97.01171875
64,0.01,0.975,40,5,0.017535476990044117,96.42578125
64,0.01,0.975,40,10,0.007536496702581644,96.66015625
64,0.01,0.975,40,25,0.0025608038064092397,97.01171875
64,0.01,0.975,40,50,0.002229708544909954,96.9140625
128,0.2,0.99,5,5,0.035258091340462365,94.62139415740967
128,0.2,0.99,5,10,0.013249491100509962,96.29657459259033
128,0.2,0.99,5,25,0.004098359070718288,95.68810081481934
128,0.2,0.99,5,50,0.002685807685367763,96.54447078704834
128,0.2,0.985,5,5,0.046874654591083524,94.95943450927734
128,0.2,0.985,5,10,0.01519060846666495,95.88341331481934
128,0.2,0.985,5,25,0.007485896190007528,97.07782459259033
128,0.2,0.985,5,50,0.0035694119489441314,96.22896575927734
128,0.2,0.98,5,5,0.03438792620102565,95.13221168518066
128,0.2,0.98,5,10,0.012900481775403023,95.78575706481934
128,0.2,0.98,5,25,0.004623484158267578,96.70973491668701
128,0.2,0.98,5,50,0.0033497895083079736,96.61959075927734
128,0.2,0.975,5,5,0.03463858329256376,95.27493953704834
128,0.2,0.975,5,10,0.014625671507169802,95.59044456481934
128,0.2,0.975,5,25,0.004217208548138539,96.51442241668701
128,0.2,0.975,5,50,0.0033538601075609525,96.98016834259033
128,0.2,0.99,10,5,0.02542950046559175,96.37169456481934
128,0.2,0.99,10,10,0.006039881087839603,96.42427825927734
128,0.2,0.99,10,25,0.002451643757522106,97.10035991668701
128,0.2,0.99,10,50,0.0017687195645024378,97.56610584259033
128,0.2,0.985,10,5,0.02365642338991165,96.17638206481934
128,0.2,0.985,10,10,0.004600249021003644,97.00270366668701
128,0.2,0.985,10,25,0.003111537610491117,96.39423084259033
128,0.2,0.985,10,50,0.0016298199323937297,97.340744972229
128,0.2,0.98,10,5,0.02250991514325142,96.22145366668701
128,0.2,0.98,10,10,0.0059035168414314585,95.83082866668701
128,0.2,0.98,10,25,0.0023132006811598937,96.49188709259033
128,0.2,0.98,10,50,0.001623608410358429,96.64212703704834
128,0.2,0.975,10,5,0.022717939039071402,96.61207866668701
128,0.2,0.975,10,10,0.005494469665611784,96.88251209259033
128,0.2,0.975,10,25,0.0020910828082511823,96.98016834259033
128,0.2,0.975,10,50,0.0016446912242099642,96.46935081481934
128,0.2,0.99,20,5,0.020930897464354833,96.31910991668701
128,0.2,0.99,20,10,0.003885101309667031,96.58954334259033
128,0.2,0.99,20,25,0.0017150573770826061,96.80739116668701
128,0.2,0.99,20,50,0.0012534269631529849,96.98016834259033
128,0.2,0.985,20,5,0.020934593573212625,96.02614116668701
128,0.2,0.985,20,10,0.004919682674109936,96.46935081481934
128,0.2,0.985,20,25,0.001568964706112941,96.64212703704834
128,0.2,0.985,20,50,0.0012122297951330742,97.00270366668701
128,0.2,0.98,20,5,0.018051958600680033,95.88341331481934
128,0.2,0.98,20,10,0.0032192087012032668,96.41676616668701
128,0.2,0.98,20,25,0.0019272386006390055,97.10035991668701
128,0.2,0.98,20,50,0.0012184100377683838,96.76231956481934
128,0.2,0.975,20,5,0.01964248666788141,95.88341331481934
128,0.2,0.975,20,10,0.0068035919231673085,95.92848491668701
128,0.2,0.975,20,25,0.0016028760010376572,97.15294456481934
128,0.2,0.975,20,50,0.0012058373276765148,97.15294456481934
128,0.2,0.99,40,5,0.023782700161139172,94.92938709259033
128,0.2,0.99,40,10,0.004066886653502782,96.58954334259033
128,0.2,0.99,40,25,0.0015705344766999284,97.29567241668701
128,0.2,0.99,40,50,0.0010869556134566665,97.10035991668701
128,0.2,0.985,40,5,0.020678705347081026,96.53695869445801
128,0.2,0.985,40,10,0.003855195015668869,96.90504741668701
128,0.2,0.985,40,25,0.0014544425864393513,96.98016834259033
128,0.2,0.985,40,50,0.0012388638760894538,96.98016834259033
128,0.2,0.98,40,5,0.019671458035707474,96.49188709259033
128,0.2,0.98,40,10,0.005815154336392879,96.80739116668701
128,0.2,0.98,40,25,0.0016051317028080423,96.80739116668701
128,0.2,0.98,40,50,0.0014144240515306591,97.10035991668701
128,0.2,0.975,40,5,0.021347586154937745,96.49188709259033
128,0.2,0.975,40,10,0.0038142524485786757,96.44681453704834
128,0.2,0.975,40,25,0.0016376417943586906,97.07782459259033
128,0.2,0.975,40,50,0.0013641457686511178,96.88251209259033
128,0.1,0.99,5,5,0.05109947786728541,95.61298084259033
128,0.1,0.99,5,10,0.018488710194826126,95.07962703704834
128,0.1,0.99,5,25,0.0062979662573585905,95.76322078704834
128,0.1,0.99,5,50,0.0044849025333921115,96.88251209259033
128,0.1,0.985,5,5,0.05647147866090139,94.56880950927734
128,0.1,0.985,5,10,0.018962830285231273,96.76231956481934
128,0.1,0.985,5,25,0.00676397809262077,96.00360584259033
128,0.1,0.985,5,50,0.004648255710179607,97.17548084259033
128,0.1,0.98,5,5,0.05164235033591588,94.11057662963867
128,0.1,0.98,5,10,0.02140962136785189,95.25240325927734
128,0.1,0.98,5,25,0.005579382886489233,96.07872581481934
128,0.1,0.98,5,50,0.00480298143128554,96.56700706481934
128,0.1,0.975,5,5,0.05181259244680405,95.37259578704834
128,0.1,0.975,5,10,0.018184079507986704,95.47025203704834
128,0.1,0.975,5,25,0.007572213416298231,96.27403831481934
128,0.1,0.975,5,50,0.005267501136908929,96.98016834259033
128,0.1,0.99,10,5,0.020436430891354877,95.95853328704834
128,0.1,0.99,10,10,0.008138734589641292,96.85997581481934
128,0.1,0.99,10,25,0.002566525438800454,96.76231956481934
128,0.1,0.99,10,50,0.0019799866620451214,96.32662200927734
128,0.1,0.985,10,5,0.022074043261508147,95.86087703704834
128,0.1,0.985,10,10,0.0067589075161765015,97.02523994445801
128,0.1,0.985,10,25,0.002661636179002623,96.56700706481934
128,0.1,0.985,10,50,0.0020540172153462968,96.91255950927734
128,0.1,0.98,10,5,0.026457273433605828,96.05618953704834
128,0.1,0.98,10,10,0.008073539726436138,96.19891834259033
128,0.1,0.98,10,25,0.002546335251070559,96.80739116668701
128,0.1,0.98,10,50,0.002105671492405236,97.15294456481934
128,0.1,0.975,10,5,0.028428787325819334,95.59044456481934
128,0.1,0.975,10,10,0.007934500676890215,96.17638206481934
128,0.1,0.975,10,25,0.0027128770394871634,96.56700706481934
128,0.1,0.975,10,50,0.0021912079360336067,97.27313709259033
128,0.1,0.99,20,5,0.015997058480978012,96.07872581481934
128,0.1,0.99,20,10,0.0052954321963091695,96.64212703704834
128,0.1,0.99,20,25,0.001584790401471158,96.93509578704834
128,0.1,0.99,20,50,0.0013595525020112594,96.95763206481934
128,0.1,0.985,20,5,0.0182564917926987,95.86087703704834
128,0.1,0.985,20,10,0.005554566788176695,96.49188709259033
128,0.1,0.985,20,25,0.0016244809931765,96.88251209259033
128,0.1,0.985,20,50,0.0014103569416329266,96.85997581481934
128,0.1,0.98,20,5,0.018735797220220167,96.68719959259033
128,0.1,0.98,20,10,0.005558712683618069,96.34915828704834
128,0.1,0.98,20,25,0.0018218611317376296,96.39423084259033
128,0.1,0.98,20,50,0.0016802023382236561,97.17548084259033
128,0.1,0.975,20,5,0.018063998505473137,96.46935081481934
128,0.1,0.975,20,10,0.004191397065917651,96.27403831481934
128,0.1,0.975,20,25,0.001630654605726401,96.52193450927734
128,0.1,0.975,20,50,0.001386959177752336,96.52193450927734
128,0.1,0.99,40,5,0.021073945353428523,95.98106956481934
128,0.1,0.99,40,10,0.005040136174609263,96.37169456481934
128,0.1,0.99,40,25,0.0015369648598134518,96.66466331481934
128,0.1,0.99,40,50,0.0013154828731591502,96.56700706481934
128,0.1,0.985,40,5,0.019598273858428,96.39423084259033
128,0.1,0.985,40,10,0.0042839365576704345,96.98016834259033
128,0.1,0.985,40,25,0.0015106941346699993,96.88251209259033
128,0.1,0.985,40,50,0.0012597651612013577,97.17548084259033
128,0.1,0.98,40,5,0.016602532982826233,96.88251209259033
128,0.1,0.98,40,10,0.003934131454055508,97.15294456481934
128,0.1,0.98,40,25,0.0014648543763905763,97.15294456481934
128,0.1,0.98,40,50,0.0010894473427906632,97.34825706481934
128,0.1,0.975,40,5,0.015733817309141158,96.44681453704834
128,0.1,0.975,40,10,0.003933763176823655,96.98016834259033
128,0.1,0.975,40,25,0.001212525749579072,97.27313709259033
128,0.1,0.975,40,50,0.001093998169216017,97.19801616668701
128,0.05,0.99,5,5,0.06734851696093877,94.13311290740967
128,0.05,0.99,5,10,0.03133574706315994,95.12469959259033
128,0.05,0.99,5,25,0.00886671008169651,96.78485584259033
128,0.05,0.99,5,50,0.007720591440796852,95.86087703704834
128,0.05,0.985,5,5,0.071355648736159,94.90685081481934
128,0.05,0.985,5,10,0.029395485724012058,94.47115325927734
128,0.05,0.985,5,25,0.010889751359820366,96.49188709259033
128,0.05,0.985,5,50,0.007980429550011953,96.58954334259033
128,0.05,0.98,5,5,0.07136280953884125,95.08713912963867
128,0.05,0.98,5,10,0.03122772556046645,95.29747581481934
128,0.05,0.98,5,25,0.009826615913460651,95.86087703704834
128,0.05,0.98,5,50,0.00740946202352643,96.54447078704834
128,0.05,0.975,5,5,0.0659148568113645,94.47115325927734
128,0.05,0.975,5,10,0.031096803821623324,95.80829334259033
128,0.05,0.975,5,25,0.012810481155912082,96.29657459259033
128,0.05,0.975,5,50,0.00691430139541626,96.39423084259033
128,0.05,0.99,10,5,0.03505725370844205,94.95943450927734
128,0.05,0.99,10,10,0.013485027198990186,95.59044456481934
128,0.05,0.99,10,25,0.004548145471761624,95.91346168518066
128,0.05,0.99,10,50,0.003196821211526791,96.13130950927734
128,0.05,0.985,10,5,0.040429822698235515,95.15474700927734
128,0.05,0.985,10,10,0.01361780546605587,96.54447078704834
128,0.05,0.985,10,25,0.004542923651635646,96.25150203704834
128,0.05,0.985,10,50,0.0036856613444785275,96.10126209259033
128,0.05,0.98,10,5,0.0332724036326011,94.90685081481934
128,0.05,0.98,10,10,0.011896546093126138,96.04867744445801
128,0.05,0.98,10,25,0.004277050459136566,96.37169456481934
128,0.05,0.98,10,50,0.003265820847824216,96.88251209259033
128,0.05,0.975,10,5,0.04085305478175481,95.68810081481934
128,0.05,0.975,10,10,0.015390724358459314,96.00360584259033
128,0.05,0.975,10,25,0.004882677851865689,95.93599700927734
128,0.05,0.975,10,50,0.0036471071528891724,96.39423084259033
128,0.05,0.99,20,5,0.01733539249499639,96.85997581481934
128,0.05,0.99,20,10,0.006048755357662837,96.88251209259033
128,0.05,0.99,20,25,0.0022309042767932018,96.95763206481934
128,0.05,0.99,20,50,0.0017788334731012583,96.88251209259033
128,0.05,0.985,20,5,0.020085628425081572,95.56790828704834
128,0.05,0.985,20,10,0.006426327471931776,95.95853328704834
128,0.05,0.985,20,25,0.0023387128071238597,96.46935081481934
128,0.05,0.985,20,50,0.0019024051766221722,96.15384578704834
128,0.05,0.98,20,5,0.018875430951515833,96.25150203704834
128,0.05,0.98,20,10,0.006464950242390235,96.95763206481934
128,0.05,0.98,20,25,0.002175285750068724,97.00270366668701
128,0.05,0.98,20,50,0.0019197974732766548,96.64212703704834
128,0.05,0.975,20,5,0.01992274691661199,96.29657459259033
128,0.05,0.975,20,10,0.0067056197673082355,96.80739116668701
128,0.05,0.975,20,25,0.00237490990323325,96.88251209259033
128,0.05,0.975,20,50,0.0020505502683420976,96.78485584259033
128,0.05,0.99,40,5,0.013874764546751977,97.07782459259033
128,0.05,0.99,40,10,0.004467621361215909,97.58864116668701
128,0.05,0.99,40,25,0.0014957959223538637,97.29567241668701
128,0.05,0.99,40,50,0.0013205286798377831,97.58864116668701
128,0.05,0.985,40,5,0.013690406615535418,96.88251209259033
128,0.05,0.985,40,10,0.004035760601361593,96.73978328704834
128,0.05,0.985,40,25,0.0015228767668207487,96.54447078704834
128,0.05,0.985,40,50,0.0012392405960708858,96.83743953704834
128,0.05,0.98,40,5,0.016821782658497493,95.95853328704834
128,0.05,0.98,40,10,0.0050106129062672455,96.80739116668701
128,0.05,0.98,40,25,0.0016070203778023521,97.05528831481934
128,0.05,0.98,40,50,0.0013691762747863928,97.27313709259033
128,0.05,0.975,40,5,0.01553543754418691,96.34915828704834
128,0.05,0.975,40,10,0.004942785099148751,97.03275203704834
128,0.05,0.975,40,25,0.001709653530890743,97.25060081481934
128,0.05,0.975,40,50,0.0013471138204137485,96.71724700927734
128,0.01,0.99,5,5,0.15854230670134226,92.30769157409668
128,0.01,0.99,5,10,0.09895245822270711,93.81009578704834
128,0.01,0.99,5,25,0.044667375475168226,94.44861793518066
128,0.01,0.99,5,50,0.037589199602603915,95.54537200927734
128,0.01,0.985,5,5,0.1635333141287168,92.35276412963867
128,0.01,0.985,5,10,0.10033763480186463,92.93870162963867
128,0.01,0.985,5,25,0.04311828315258026,94.47115325927734
128,0.01,0.985,5,50,0.037177548413475356,94.56880950927734
128,0.01,0.98,5,5,0.15208771673838298,92.27764415740967
128,0.01,0.98,5,10,0.09451545725266139,94.01292037963867
128,0.01,0.98,5,25,0.041839229077100755,94.47115325927734
128,0.01,0.98,5,50,0.0345026060740153,95.19981956481934
128,0.01,0.975,5,5,0.1568941823244095,91.74429035186768
128,0.01,0.975,5,10,0.09960214084386826,94.39603328704834
128,0.01,0.975,5,25,0.045543733139832815,94.76412200927734
128,0.01,0.975,5,50,0.03819676215449969,94.88431453704834
128,0.01,0.99,10,5,0.09464068337281545,93.18659782409668
128,0.01,0.99,10,10,0.04911351369818052,94.80919456481934
128,0.01,0.99,10,25,0.01783005794386069,95.22986793518066
128,0.01,0.99,10,50,0.01416530263175567,95.13221168518066
128,0.01,0.985,10,5,0.09793553243080776,93.76502418518066
128,0.01,0.985,10,10,0.05035056281089783,94.64393043518066
128,0.01,0.985,10,25,0.017487106658518315,96.22145366668701
128,0.01,0.985,10,50,0.01460931090762218,95.90594959259033
128,0.01,0.98,10,5,0.09911655592918396,93.78755950927734
128,0.01,0.98,10,10,0.05223278039693832,94.95943450927734
128,0.01,0.98,10,25,0.018295532464981078,95.40264415740967
128,0.01,0.98,10,50,0.015571254894137382,95.95853328704834
128,0.01,0.975,10,5,0.09744209204117457,94.59134578704834
128,0.01,0.975,10,10,0.04936586119731267,95.47025203704834
128,0.01,0.975,10,25,0.017475267231464385,96.10126209259033
128,0.01,0.975,10,50,0.015358671481410662,95.78575706481934
128,0.01,0.99,20,5,0.052298449397087096,94.95943450927734
128,0.01,0.99,20,10,0.02004012235502402,95.59044456481934
128,0.01,0.99,20,25,0.007699870457251867,96.44681453704834
128,0.01,0.99,20,50,0.006452977031469345,96.68719959259033
128,0.01,0.985,20,5,0.048906231373548506,94.93689918518066
128,0.01,0.985,20,10,0.020206788112719854,95.71814918518066
128,0.01,0.985,20,25,0.00764652052273353,96.17638206481934
128,0.01,0.985,20,50,0.006176688476155202,96.20643043518066
128,0.01,0.98,20,5,0.05467054597040018,94.56880950927734
128,0.01,0.98,20,10,0.02586025880277157,95.44771575927734
128,0.01,0.98,20,25,0.008328789722174407,95.64302825927734
128,0.01,0.98,20,50,0.006886565987020731,95.95853328704834
128,0.01,0.975,20,5,0.053697980672121046,95.59044456481934
128,0.01,0.975,20,10,0.022274269253015518,96.15384578704834
128,0.01,0.975,20,25,0.008255074104915062,96.15384578704834
128,0.01,0.975,20,50,0.006872413448989392,96.03365325927734
128,0.01,0.99,40,5,0.02448230454325676,95.83834075927734
128,0.01,0.99,40,10,0.011526604694624742,95.74068450927734
128,0.01,0.99,40,25,0.004090868849307299,96.22896575927734
128,0.01,0.99,40,50,0.0033685956535240012,96.25150203704834
128,0.01,0.985,40,5,0.025184493273496627,95.01201915740967
128,0.01,0.985,40,10,0.010635427052776019,95.47025203704834
128,0.01,0.985,40,25,0.004338962157567342,96.05618953704834
128,0.01,0.985,40,50,0.0036115788544217745,96.15384578704834
128,0.01,0.98,40,5,0.026647271846731505,95.19981956481934
128,0.01,0.98,40,10,0.01052675638968746,95.98106956481934
128,0.01,0.98,40,25,0.004015889136741559,96.44681453704834
128,0.01,0.98,40,50,0.0034405092038214207,96.34915828704834
128,0.01,0.975,40,5,0.02869969615340233,95.13221168518066
128,0.01,0.975,40,10,0.01210314576824506,95.47025203704834
128,0.01,0.975,40,25,0.004630309157694379,95.64302825927734
128,0.01,0.975,40,50,0.0035790158870319527,96.03365325927734
256,0.2,0.99,5,5,0.05614751989642779,94.83095359802246
256,0.2,0.99,5,10,0.022880502965301277,95.22157859802246
256,0.2,0.99,5,25,0.007403231759866079,96.27559280395508
256,0.2,0.99,5,50,0.00499238081711034,96.20824241638184
256,0.2,0.985,5,5,0.05731329683462779,94.29216003417969
256,0.2,0.985,5,10,0.018394148270289103,95.59199905395508
256,0.2,0.985,5,25,0.006744615154961745,96.30589866638184
256,0.2,0.985,5,50,0.005236112332592408,96.51131439208984
256,0.2,0.98,5,5,0.0548093462785085,94.81074905395508
256,0.2,0.98,5,10,0.019099658186237017,96.30589866638184
256,0.2,0.98,5,25,0.00614643839498361,96.20824241638184
256,0.2,0.98,5,50,0.004053699767837922,96.08028030395508
256,0.2,0.975,5,5,0.05929668325185776,95.19127082824707
256,0.2,0.975,5,10,0.02030495434999466,95.3764820098877
256,0.2,0.975,5,25,0.006087835593769948,96.19814109802246
256,0.2,0.975,5,50,0.004766382507358988,95.59199905395508
256,0.2,0.99,10,5,0.032915097581843536,95.44719696044922
256,0.2,0.99,10,10,0.009415743358433247,96.32610321044922
256,0.2,0.99,10,25,0.0025216155393670003,96.79417991638184
256,0.2,0.99,10,50,0.002084279118105769,97.00969696044922
256,0.2,0.985,10,5,0.028303342471520106,96.20824241638184
256,0.2,0.985,10,10,0.008624863225966692,96.10048484802246
256,0.2,0.985,10,25,0.0027422053708384434,96.59886741638184
256,0.2,0.985,10,50,0.0022780767139047382,96.18803787231445
256,0.2,0.98,10,5,0.03337468829751015,96.20824241638184
256,0.2,0.98,10,10,0.008746318555126588,96.68642234802246
256,0.2,0.98,10,25,0.0029333746066937845,96.29579734802246
256,0.2,0.98,10,50,0.002165358129267891,96.89183616638184
256,0.2,0.975,10,5,0.031104056889812152,96.20824241638184
256,0.2,0.975,10,10,0.009417748925586542,96.11058616638184
256,0.2,0.975,10,25,0.0036488138021280366,96.78407859802246
256,0.2,0.975,10,50,0.002261225446437796,96.69652366638184
256,0.2,0.99,20,5,0.02274074789385001,96.19814109802246
256,0.2,0.99,20,10,0.005561931180457274,96.17793655395508
256,0.2,0.99,20,25,0.0017153456540157398,96.82448768615723
256,0.2,0.99,20,50,0.0015798774740348259,96.48100662231445
256,0.2,0.985,20,5,0.021350060671567916,96.18803787231445
256,0.2,0.985,20,10,0.007438506123920282,95.98262405395508
256,0.2,0.985,20,25,0.0014741079056014618,97.40032196044922
256,0.2,0.985,20,50,0.0013783834778393308,97.17470359802246
256,0.2,0.98,20,5,0.026264551962415377,95.87486457824707
256,0.2,0.98,20,10,0.005538906300440431,96.69652366638184
256,0.2,0.98,20,25,0.001833049311613043,96.98949241638184
256,0.2,0.98,20,50,0.0015815499653108417,96.90193939208984
256,0.2,0.975,20,5,0.020501059758166473,96.21834564208984
256,0.2,0.975,20,10,0.005473086997866631,96.42375946044922
256,0.2,0.975,20,25,0.0017809873732427756,96.86153030395508
256,0.2,0.975,20,50,0.0015698251311356823,96.57866287231445
256,0.2,0.99,40,5,0.03664244004090627,95.49434280395508
256,0.2,0.99,40,10,0.0076892587269345915,95.89506912231445
256,0.2,0.99,40,25,0.0016550472294911743,96.89183616638184
256,0.2,0.99,40,50,0.0014774924491842588,96.98949241638184
256,0.2,0.985,40,5,0.03908849329749743,95.69975662231445
256,0.2,0.985,40,10,0.0074831485400597255,96.29579734802246
256,0.2,0.985,40,25,0.0020174322153131167,96.96928787231445
256,0.2,0.985,40,50,0.0016974122086539864,96.49110984802246
256,0.2,0.98,40,5,0.024769110923012098,96.20824241638184
256,0.2,0.98,40,10,0.005071683154751857,96.60897064208984
256,0.2,0.98,40,25,0.0015034101735800505,96.98949241638184
256,0.2,0.98,40,50,0.0012233607949068148,96.98949241638184
256,0.2,0.975,40,5,0.024672808130582174,96.09038162231445
256,0.2,0.975,40,10,0.005173919074237346,96.28569412231445
256,0.2,0.975,40,25,0.0015224367671956619,96.99959564208984
256,0.2,0.975,40,50,0.0013386808407182494,96.70662689208984
256,0.1,0.99,5,5,0.07505670829614003,93.9116382598877
256,0.1,0.99,5,10,0.03551080563664436,95.19127082824707
256,0.1,0.99,5,25,0.010697307236492634,95.11381912231445
256,0.1,0.99,5,50,0.008526535741984843,96.10048484802246
256,0.1,0.985,5,5,0.07279807645082474,94.70298957824707
256,0.1,0.985,5,10,0.0329920712808768,95.60210037231445
256,0.1,0.985,5,25,0.010275523041685422,96.80428314208984
256,0.1,0.985,5,50,0.0077607791274785995,96.61907196044922
256,0.1,0.98,5,5,0.07711366361379624,94.47737121582031
256,0.1,0.98,5,10,0.0329945687353611,95.36637878417969
256,0.1,0.98,5,25,0.010370055861771107,95.78731155395508
256,0.1,0.98,5,50,0.007889499485492706,96.50121116638184
256,0.1,0.975,5,5,0.08186146636803945,94.50767707824707
256,0.1,0.975,5,10,0.035967646544178326,94.99595832824707
256,0.1,0.975,5,25,0.010316893229881923,95.99272537231445
256,0.1,0.975,5,50,0.008909798409789801,95.79741287231445
256,0.1,0.99,10,5,0.03949588039517403,94.83095359802246
256,0.1,0.99,10,10,0.013478096085290114,95.62230491638184
256,0.1,0.99,10,25,0.004178852514674266,95.91527366638184
256,0.1,0.99,10,50,0.0035599818353851636,95.90517234802246
256,0.1,0.985,10,5,0.03771300836404164,95.2788257598877
256,0.1,0.985,10,10,0.013726322010159492,96.17793655395508
256,0.1,0.985,10,25,0.004023381243770321,96.36314582824707
256,0.1,0.985,10,50,0.003565894643465678,96.08028030395508
256,0.1,0.98,10,5,0.04002655271689097,95.00606155395508
256,0.1,0.98,10,10,0.014038813004891078,95.81761741638184
256,0.1,0.98,10,25,0.004338882781565189,96.81438446044922
256,0.1,0.98,10,50,0.0035249850961069267,96.11058616638184
256,0.1,0.975,10,5,0.042786657025416695,95.21147537231445
256,0.1,0.975,10,10,0.015485099562754234,95.59199905395508
256,0.1,0.975,10,25,0.004461123722294966,96.18803787231445
256,0.1,0.975,10,50,0.003570540269215902,95.91527366638184
256,0.1,0.99,20,5,0.021534903792043526,96.27559280395508
256,0.1,0.99,20,10,0.006386769112199545,96.09038162231445
256,0.1,0.99,20,25,0.0022699664384126664,97.08714866638184
256,0.1,0.99,20,50,0.001946552187204361,97.08714866638184
256,0.1,0.985,20,5,0.02152636215587457,96.11058616638184
256,0.1,0.985,20,10,0.006413668652375539,96.41365814208984
256,0.1,0.985,20,25,0.0025726627248028916,96.59886741638184
256,0.1,0.985,20,50,0.0018949783177425463,96.59886741638184
256,0.1,0.98,20,5,0.026151108478506407,96.29579734802246
256,0.1,0.98,20,10,0.007404630150645971,96.78407859802246
256,0.1,0.98,20,25,0.0023770931940525772,96.57866287231445
256,0.1,0.98,20,50,0.0018831103003273408,96.96928787231445
256,0.1,0.975,20,5,0.021109696542223295,96.30589866638184
256,0.1,0.975,20,10,0.007126257050782442,96.49110984802246
256,0.1,0.975,20,25,0.0022113166752581793,96.90193939208984
256,0.1,0.975,20,50,0.00181969620877256,97.08714866638184
256,0.1,0.99,40,5,0.02208493122458458,95.78731155395508
256,0.1,0.99,40,10,0.005560366752867897,96.56856155395508
256,0.1,0.99,40,25,0.0017456523617729544,96.98949241638184
256,0.1,0.99,40,50,0.0014713561876366537,97.07704734802246
256,0.1,0.985,40,5,0.020236360112826028,96.01292991638184
256,0.1,0.985,40,10,0.005394317315270503,96.50121116638184
256,0.1,0.985,40,25,0.0018953138925135136,96.89183616638184
256,0.1,0.985,40,50,0.001553783495289584,96.89183616638184
256,0.1,0.98,40,5,0.018051742315292357,96.37324905395508
256,0.1,0.98,40,10,0.004367640550558766,96.66621780395508
256,0.1,0.98,40,25,0.00156472328864038,96.56856155395508
256,0.1,0.98,40,50,0.001403915973069767,96.97939109802246
256,0.1,0.975,40,5,0.01967442526916663,95.41689109802246
256,0.1,0.975,40,10,0.005340368156631787,96.79417991638184
256,0.1,0.975,40,25,0.001676698657994469,97.08714866638184
256,0.1,0.975,40,50,0.0014180656013389429,97.37001609802246
256,0.05,0.99,5,5,0.10568695059418678,93.53111457824707
256,0.05,0.99,5,10,0.055657710194587706,94.57502746582031
256,0.05,0.99,5,25,0.019078499493499598,95.17106628417969
256,0.05,0.99,5,50,0.015807434387505055,95.59199905395508
256,0.05,0.985,5,5,0.10184481392304102,93.41325378417969
256,0.05,0.985,5,10,0.05611144508918126,94.78044128417969
256,0.05,0.985,5,25,0.01902244056761265,95.26872253417969
256,0.05,0.985,5,50,0.014518811027208964,95.49434280395508
256,0.05,0.98,5,5,0.1092263355255127,93.26508522033691
256,0.05,0.98,5,10,0.05653257947166761,94.92860984802246
256,0.05,0.98,5,25,0.017832168430089952,95.10371780395508
256,0.05,0.98,5,50,0.01553849323093891,95.89506912231445
256,0.05,0.975,5,5,0.10780841898918152,93.51091003417969
256,0.05,0.975,5,10,0.05571414595842362,94.18440246582031
256,0.05,0.975,5,25,0.01876132845878601,96.28569412231445
256,0.05,0.975,5,50,0.015885168194770812,95.89506912231445
256,0.05,0.99,10,5,0.06186350491642952,94.2719554901123
256,0.05,0.99,10,10,0.0249687818835179,94.68278503417969
256,0.05,0.99,10,25,0.007519904114305973,96.19814109802246
256,0.05,0.99,10,50,0.0065734469989935556,95.88496780395508
256,0.05,0.985,10,5,0.06130810649196307,94.4975757598877
256,0.05,0.985,10,10,0.025570425460735957,95.30913162231445
256,0.05,0.985,10,25,0.00800893069555362,95.88496780395508
256,0.05,0.985,10,50,0.0064765129213531815,96.00282859802246
256,0.05,0.98,10,5,0.05967394494016965,94.61543655395508
256,0.05,0.98,10,10,0.024897316828370094,95.48423957824707
256,0.05,0.98,10,25,0.007566313562293848,95.87486457824707
256,0.05,0.98,10,50,0.006714411802589893,95.97252082824707
256,0.05,0.975,10,5,0.05963026071588198,94.3022632598877
256,0.05,0.975,10,10,0.02538174737493197,94.90840530395508
256,0.05,0.975,10,25,0.008274866295357544,95.8647632598877
256,0.05,0.975,10,50,0.006837804259111484,95.21147537231445
256,0.05,0.99,20,5,0.030098884830872218,95.99272537231445
256,0.05,0.99,20,10,0.010314069874584674,96.28569412231445
256,0.05,0.99,20,25,0.0034922055651744207,96.48100662231445
256,0.05,0.99,20,50,0.00311802824648718,96.68642234802246
256,0.05,0.985,20,5,0.02747026152908802,95.90517234802246
256,0.05,0.985,20,10,0.009300108720858891,96.38335037231445
256,0.05,0.985,20,25,0.003386923146744569,97.18480491638184
256,0.05,0.985,20,50,0.002855844680219889,96.97939109802246
256,0.05,0.98,20,5,0.03187517923116684,95.2788257598877
256,0.05,0.98,20,10,0.010645556151866914,95.58189582824707
256,0.05,0.98,20,25,0.0037962506599724293,96.21834564208984
256,0.05,0.98,20,50,0.0032655125812937817,96.60897064208984
256,0.05,0.975,20,5,0.028583280593156814,95.58189582824707
256,0.05,0.975,20,10,0.01076780383537213,95.98262405395508
256,0.05,0.975,20,25,0.0038231657582024734,96.50121116638184
256,0.05,0.975,20,50,0.0030361565140386423,96.39345359802246
256,0.05,0.99,40,5,0.01589924674977859,96.28569412231445
256,0.05,0.99,40,10,0.005393697562317053,96.69652366638184
256,0.05,0.99,40,25,0.002184731480355064,96.79417991638184
256,0.05,0.99,40,50,0.0017724032240609329,97.10735321044922
256,0.05,0.985,40,5,0.02373062238097191,95.89506912231445
256,0.05,0.985,40,10,0.007107580712685983,96.50121116638184
256,0.05,0.985,40,25,0.0023532365194211405,96.38335037231445
256,0.05,0.985,40,50,0.002030965623135368,96.59886741638184
256,0.05,0.98,40,5,0.02441745540002982,96.10048484802246
256,0.05,0.98,40,10,0.007308464797834555,96.69652366638184
256,0.05,0.98,40,25,0.002504194519172112,97.49797821044922
256,0.05,0.98,40,50,0.002165311581765612,97.39022064208984
256,0.05,0.975,40,5,0.014691858197251956,96.27559280395508
256,0.05,0.975,40,10,0.004948859768609206,96.48100662231445
256,0.05,0.975,40,25,0.001826328169554472,97.07704734802246
256,0.05,0.975,40,50,0.001680401936173439,96.87163162231445
256,0.01,0.99,5,5,0.2108626708984375,91.02909469604492
256,0.01,0.99,5,10,0.14733660491307576,92.23127746582031
256,0.01,0.99,5,25,0.07735533724228541,94.28205871582031
256,0.01,0.99,5,50,0.06734216835101446,94.09684753417969
256,0.01,0.985,5,5,0.2162745004494985,90.59806060791016
256,0.01,0.985,5,10,0.14451478548844654,92.18076515197754
256,0.01,0.985,5,25,0.07505474138259888,93.3930492401123
256,0.01,0.985,5,50,0.06899064920345942,93.62877082824707
256,0.01,0.98,5,5,0.20951918975512188,90.79337310791016
256,0.01,0.98,5,10,0.14461879352728527,91.87769317626953
256,0.01,0.98,5,25,0.0732765020330747,94.57502746582031
256,0.01,0.98,5,50,0.0650230555733045,94.54471969604492
256,0.01,0.975,5,5,0.21022473724683124,90.70581817626953
256,0.01,0.975,5,10,0.13884073070685068,93.4233570098877
256,0.01,0.975,5,25,0.07371802041927973,93.69612121582031
256,0.01,0.975,5,50,0.0640636398990949,94.2618522644043
256,0.01,0.99,10,5,0.14196687058607738,92.05280113220215
256,0.01,0.99,10,10,0.08210951511065165,94.0766429901123
256,0.01,0.99,10,25,0.034627897987763084,94.78044128417969
256,0.01,0.99,10,50,0.030799277275800705,95.89506912231445
256,0.01,0.985,10,5,0.14606909203529359,92.72966003417969
256,0.01,0.985,10,10,0.0827804326415062,93.63887405395508
256,0.01,0.985,10,25,0.03324656818807125,95.1811695098877
256,0.01,0.985,10,50,0.030433337509632112,95.19127082824707
256,0.01,0.98,10,5,0.14450359592835108,93.02262878417969
256,0.01,0.98,10,10,0.08616335374116897,94.48747253417969
256,0.01,0.98,10,25,0.03242875790596008,96.19814109802246
256,0.01,0.98,10,50,0.030306597461303077,95.01616287231445
256,0.01,0.975,10,5,0.14865006999174754,91.22440719604492
256,0.01,0.975,10,10,0.0862384128967921,92.66904640197754
256,0.01,0.975,10,25,0.0343437470048666,94.68278503417969
256,0.01,0.975,10,50,0.03217467447121938,94.90840530395508
256,0.01,0.99,20,5,0.08531444563468298,93.41325378417969
256,0.01,0.99,20,10,0.042683010081450146,93.7836742401123
256,0.01,0.99,20,25,0.015621046970287959,94.57502746582031
256,0.01,0.99,20,50,0.013582886775334676,95.00606155395508
256,0.01,0.985,20,5,0.08736141189932824,93.7836742401123
256,0.01,0.985,20,10,0.04321075049042702,94.9858570098877
256,0.01,0.985,20,25,0.016071938882271448,95.70985984802246
256,0.01,0.985,20,50,0.013685754974683126,95.98262405395508
256,0.01,0.98,20,5,0.08356226696570715,93.92173957824707
256,0.01,0.98,20,10,0.039061930606762565,95.29903030395508
256,0.01,0.98,20,25,0.01390601226935784,96.20824241638184
256,0.01,0.98,20,50,0.012811635685463747,95.81761741638184
256,0.01,0.975,20,5,0.0919338373541832,94.28205871582031
256,0.01,0.975,20,10,0.04220820599794388,95.40678787231445
256,0.01,0.975,20,25,0.015324407443404197,95.99272537231445
256,0.01,0.975,20,50,0.013150531979898612,96.02303314208984
256,0.01,0.99,40,5,0.04031743564208349,95.1811695098877
256,0.01,0.99,40,10,0.016771727309872708,95.60210037231445
256,0.01,0.99,40,25,0.00632176083450516,96.18803787231445
256,0.01,0.99,40,50,0.005466563227276008,96.37324905395508
256,0.01,0.985,40,5,0.04620990114410718,94.48747253417969
256,0.01,0.985,40,10,0.019055536503593127,95.30913162231445
256,0.01,0.985,40,25,0.007291851443548997,96.49110984802246
256,0.01,0.985,40,50,0.0061176502431432404,96.59886741638184
256,0.01,0.98,40,5,0.04331299697359403,94.47737121582031
256,0.01,0.98,40,10,0.018596500913302103,95.58189582824707
256,0.01,0.98,40,25,0.00692173770070076,95.58189582824707
256,0.01,0.98,40,50,0.006203439839184284,95.77720832824707
256,0.01,0.975,40,5,0.048871242254972455,95.20137405395508
256,0.01,0.975,40,10,0.0210281280229489,95.30913162231445
256,0.01,0.975,40,25,0.007437099078049262,96.59886741638184
256,0.01,0.975,40,50,0.006697294794023037,96.09038162231445